Country Name,Country Code,Year,Access to electricity (% of population) - EG.ELC.ACCS.ZS,Adjusted net national income per capita (annual % growth) - NY.ADJ.NNTY.PC.KD.ZG,Adjusted savings: carbon dioxide damage (% of GNI) - NY.ADJ.DCO2.GN.ZS,Adjusted savings: natural resources depletion (% of GNI) - NY.ADJ.DRES.GN.ZS,Children out of school (% of primary school age) - SE.PRM.UNER.ZS,GDP per capita (current US$) - NY.GDP.PCAP.CD,Proportion of seats held by women in national parliaments (%) - SG.GEN.PARL.ZS,Renewable electricity output (% of total electricity output) - EG.ELC.RNEW.ZS,Women Business and the Law Index Score (scale 1-100) - SG.LAW.INDX,Prevalence of undernourishment (%) - SN_ITK_DEFC - 2.1.1,Proportion of population below international poverty line (%) - SI_POV_DAY1 - 1.1.1,Proportion of population using basic drinking water services (%) - SP_ACS_BSRVH2O - 1.4.1,Continent,Individuals using the Internet (% of population) - IT.NET.USER.ZS,"Life expectancy at birth, total (years) - SP.DYN.LE00.IN"
Argentina,ARG,2000,95.44536591,-2.069514863,0.953868911,1.890814825,0.431639999,7708.099115,26.45914397,33.15937465,65,,6.8,96,South America,,
Argentina,ARG,2001,95.51106347,-5.953193561,0.994073415,1.610813978,0.365260005,7208.373114,,41.82988404,65,3,10.7,97,South America,9.780807285,73.755
Argentina,ARG,2002,96.04728699,-12.42521388,2.709120427,4.929134846,0.328449994,2593.404563,30.73929961,43.56387577,65,3.8,16.9,97,South America,10.88212438,73.932
Argentina,ARG,2003,96.33463287,10.17494585,2.314807684,4.342118434,0.337709993,3349.8063,30.73929961,37.95175486,65,4.5,7.9,97,South America,11.91369655,74.107
Argentina,ARG,2004,96.61134338,-2.042500605,2.372699774,4.58413266,0.639660001,4277.721573,33.7254902,31.63480258,70,4,5.7,97,South America,16.03668411,74.28
Argentina,ARG,2005,96.87638855,6.378318335,2.138218017,5.474393874,0.441430002,5109.852245,36.18677043,33.52513485,70,3.7,4.2,97,South America,17.72058337,74.451
Argentina,ARG,2006,97.13230133,19.99196917,1.909845525,5.13247886,0.266629994,5919.012338,35.01945525,37.1276984,70,3.4,3.3,98,South America,20.9272021,74.62
Argentina,ARG,2007,97.38516998,11.27825379,1.608181851,4.106671391,0.128319994,7245.446857,40,29.84220081,70,3.3,2.6,98,South America,25.94663294,74.787
Argentina,ARG,2008,97.64122009,4.713559764,1.437027029,4.190772339,0.182769999,9020.873323,40,26.3437058,70,3.3,2.5,98,South America,28.11262348,74.952
Argentina,ARG,2009,97.90668488,-8.371095491,1.539381926,2.506856635,0.207190007,8225.137583,38.52140078,28.92740262,73.125,3.3,2.3,98,South America,34,75.116
Argentina,ARG,2010,98.82,10.62923859,1.311393961,2.673890058,0.603730023,10385.96443,38.52140078,28.5854562,73.125,3.4,1.4,98,South America,45,75.278
Argentina,ARG,2011,99.0802002,7.885776042,1.108688377,3.004909463,0.565900028,12848.8642,37.3540856,32.30597044,73.125,3.3,1.1,99,South America,51,75.439
Argentina,ARG,2012,99.22885895,-2.664752073,1.126369132,2.757541069,0.571759999,13082.66433,37.3540856,29.26113532,73.125,3.1,1.2,99,South America,55.8,75.598
Argentina,ARG,2013,99.35622406,0.864589653,1.161542797,2.413503982,0.408089995,13080.25473,36.57587549,31.48449072,73.125,2.8,1,99,South America,59.9,75.756
Argentina,ARG,2014,100,-4.501896117,1.279986673,2.173093065,0.09804,12334.79825,36.57587549,31.5762042,73.125,,0.9,99,South America,64.7,75.913
Argentina,ARG,2015,99.81168365,3.924541342,1.200385465,0.816273359,0.056299999,13789.06042,,28.14006912,73.125,,,,South America,68.04306411,76.068
Argentina,ARG,2016,99.95601654,-2.815488968,1.326118216,0.682088638,0.452389985,12790.24247,35.79766537,,73.125,2.6,1.1,,South America,70.96898082,76.221
Argentina,ARG,2017,100,4.58219842,1.230307803,0.845767442,0.432689995,14613.04182,38.13229572,,73.125,3.1,0.9,,South America,74.29490687,76.372
Argentina,ARG,2018,100,-3.1777836,1.572325947,1.659069943,,11633.49801,38.91050584,,76.25,3.5,1.4,,South America,,76.52
Australia,AUS,2000,100,,1.517743955,1.63833837,5.514689922,21679.24784,22.97297297,8.381618572,81.25,,,100,Oceania,,
Australia,AUS,2001,100,,1.71253001,1.389178596,1.696609974,19490.86111,,8.098454953,81.25,,0.7,100,Oceania,52.68926643,79.63414634
Australia,AUS,2002,100,,1.791276522,1.215138179,1.64873004,20082.48327,25.33333333,7.860918822,81.25,,,100,Oceania,,79.93658537
Australia,AUS,2003,100,,1.557887533,0.989072304,2.51609993,23447.031,25.33333333,8.440698866,81.25,,1,100,Oceania,,80.23902439
Australia,AUS,2004,100,,1.269231421,1.129504554,2.113049984,30430.67644,24.66666667,8.186650191,81.25,,0.5,100,Oceania,,80.4902439
Australia,AUS,2005,100,,1.217969003,1.991045356,1.351449966,33999.24286,24.66666667,8.803706639,81.25,,,100,Oceania,63,80.84146341
Australia,AUS,2006,100,,1.247177212,2.530367251,1.151759982,36044.92281,24.66666667,9.299307773,81.25,,,100,Oceania,66,81.04146341
Australia,AUS,2007,100,,1.173301507,3.070155146,0.99022001,40960.05449,26.66666667,8.648072467,81.25,,,100,Oceania,69.45,81.29268293
Australia,AUS,2008,100,,1.023537078,3.354656844,0.900039971,49601.65671,26.66666667,8.115257556,81.25,,0.4,100,Oceania,71.67,81.39512195
Australia,AUS,2009,100,,1.217460941,1.934949463,0.687759995,42772.35917,27.33333333,7.497934259,83.75,,,100,Oceania,74.25,81.54390244
Australia,AUS,2010,100,,1.014460302,2.724581146,0.506649971,52022.1256,24.66666667,8.611879628,83.75,,0.3,100,Oceania,76,81.69512195
Australia,AUS,2011,100,,0.871417302,3.026999951,2.322340012,62517.83375,24.66666667,10.42665228,91.25,,,100,Oceania,79.48769771,81.89512195
Australia,AUS,2012,100,,0.803604808,2.140511092,2.013489962,68012.1479,24.66666667,10.59265336,91.25,,,100,Oceania,79,82.04634146
Australia,AUS,2013,100,,0.781214545,1.837780684,0.060380001,68150.10704,26,13.26410839,93.75,,,100,Oceania,83.45349717,82.14878049
Australia,AUS,2014,100,,0.850264708,1.863882561,0.084729999,62510.79117,26,14.90671221,96.875,,0.5,100,Oceania,84,82.3
Australia,AUS,2015,100,,0.962232424,1.31430627,0.088320002,56755.72171,26.66666667,13.63784109,96.875,,,100,Oceania,84.56051491,82.4
Australia,AUS,2016,100,,1.14419919,1.703150894,0.044130001,49971.13146,28.66666667,,96.875,,,100,Oceania,86.54,82.44878049
Australia,AUS,2017,100,,1.080648096,1.772622111,0.31825,54027.96682,28.66666667,,96.875,,,100,Oceania,86.54504885,82.5
Australia,AUS,2018,100,,1.047725442,2.570014338,0.428380013,57354.96405,28.66666667,,96.875,,,100,Oceania,,82.74878049
Brazil,BRA,2000,94.36400604,3.018179461,0.956633363,1.297404376,,3749.753271,5.653021442,89.49270586,56.875,,,,South America,,
Brazil,BRA,2001,96.016528,-0.336606996,1.209574477,1.209720364,,3156.798771,6.822612086,84.28744505,63.125,10.7,11.5,,South America,4.528494869,70.462
Brazil,BRA,2002,96.652996,2.594212846,1.363843941,1.559990189,,2829.283145,6.237816764,85.738173,79.375,9.3,10.2,,South America,9.149425086,70.813
Brazil,BRA,2003,96.980098,-0.547337745,1.248567725,1.539230386,1.355780005,3070.910524,8.576998051,87.16360313,79.375,7.9,11,,South America,13.2075861,71.17
Brazil,BRA,2004,96.765107,3.984982924,1.146118564,1.642080671,2.023119926,3637.462429,8.576998051,86.03211228,79.375,6.8,9.7,,South America,19.07367227,71.531
Brazil,BRA,2005,97.093513,2.229793919,0.931966921,2.177971074,0.539590001,4790.436959,8.576998051,87.12462751,79.375,6.5,8.6,,South America,21.02274725,71.896
Brazil,BRA,2006,97.594314,3.774052737,0.787980365,2.313876032,,5886.463682,8.771929825,86.74765165,79.375,6.2,7.2,,South America,28.17838018,72.26
Brazil,BRA,2007,98.125382,4.617016443,0.682623005,2.305118647,0.753799975,7348.030716,8.966861598,88.21467965,81.875,5.6,6.7,,South America,30.88,72.618
Brazil,BRA,2008,98.526625,3.074376468,0.627719807,2.741522568,,8831.023117,8.966861598,84.26642365,81.875,5.1,5.5,,South America,33.83,72.966
Brazil,BRA,2009,98.856938,3.768416427,0.621622806,1.194734831,2.364860058,8597.915485,8.771929825,88.99577577,81.875,4.4,5.4,,South America,39.22,73.3
Brazil,BRA,2010,99.35217285,4.173615467,0.559829543,1.721581315,,11286.2429,8.576998051,84.72423388,81.875,3.9,,,South America,40.65,73.619
Brazil,BRA,2011,99.328691,4.269513042,0.51375216,2.20201932,3.932379961,13245.61203,8.576998051,87.120997,81.875,3.4,4.7,,South America,45.69,73.921
Brazil,BRA,2012,99.519494,1.682737169,0.607307278,1.974330896,,12370.02445,8.576998051,82.4482831,81.875,3.1,3.7,97,South America,48.56,74.209
Brazil,BRA,2013,99.575151,3.222236138,0.667445112,1.875223632,,12300.32482,8.576998051,76.68920812,81.875,2.8,3.1,97,South America,51.04,74.483
Brazil,BRA,2014,99.650247,-0.991497054,0.744907717,1.76822362,,12112.58767,9.941520468,73.08207385,81.875,2.6,2.7,98,South America,54.55100188,74.745
Brazil,BRA,2015,99.710902,-3.757116463,0.99168832,1.093707516,,8814.001418,9.941520468,73.96690805,81.875,,3.2,98,South America,58.32795173,74.994
Brazil,BRA,2016,99.7,-3.944148472,0.944723856,0.978487674,,8710.096774,9.941520468,,81.875,,3.9,98,South America,60.87254007,75.23
Brazil,BRA,2017,99.8,0.111520859,0.882771273,1.341132329,,9928.643063,10.72124756,,81.875,,4.4,98,South America,67.47128452,75.456
Brazil,BRA,2018,99.7,-2.049764786,1.055256819,2.059707523,,9151.445253,15.00974659,,81.875,,4.4,99,South America,70.43428254,75.672
Canada,CAN,2000,100,6.344491429,1.368024535,2.056443041,0.079489999,24271.00206,,60.60030119,97.5,,0.2,99,North America,,
Canada,CAN,2001,100,-0.468367471,1.426103909,2.021770096,,23822.06012,20.59800664,58.03265624,97.5,,,99,North America,60.2,79.33902439
Canada,CAN,2002,100,2.128887729,1.411498214,1.197604466,,24255.33858,20.59800664,59.88641921,97.5,,,99,North America,61.59329927,79.4902439
Canada,CAN,2003,100,2.926044026,1.328856612,1.654033418,,28300.4631,20.59800664,58.91556496,97.5,,,99,North America,64.2,79.74146341
Canada,CAN,2004,100,3.768138962,1.213863996,2.294611916,,32143.68141,21.1038961,58.44631709,97.5,,0.2,99,North America,65.95596346,79.89268293
Canada,CAN,2005,100,3.63378643,1.135139099,2.364373418,,36382.50792,21.1038961,60.02942674,97.5,,,99,North America,71.66,80.19268293
Canada,CAN,2006,100,2.551267572,1.078345249,1.959458902,,40504.06073,20.77922078,59.54428822,97.5,,,99,North America,72.4,80.34390244
Canada,CAN,2007,100,2.180691498,1.015476068,1.740948574,,44659.89514,21.31147541,60.29627226,97.5,,0.2,99,North America,73.2,80.54390244
Canada,CAN,2008,100,0.215411243,0.983515585,2.043147717,,46710.50558,22.07792208,61.4725274,97.5,,,99,North America,76.7,80.69512195
Canada,CAN,2009,100,-7.369873743,1.087262396,0.537008027,,40876.31015,22.07792208,62.85034733,97.5,,,99,North America,80.3,80.99512195
Canada,CAN,2010,100,4.3992017,0.949555813,0.579308738,,47562.08343,22.07792208,61.39675684,97.5,,0.2,99,North America,80.3,81.24634146
Canada,CAN,2011,100,3.386298892,0.885730903,0.793460029,,52223.69611,24.75570033,62.33825013,97.5,,,99,North America,83,81.44878049
Canada,CAN,2012,100,0.308813104,0.895143708,0.516502885,0.548330009,52669.08996,24.67532468,63.23056117,97.5,,0.2,99,North America,83,81.64878049
Canada,CAN,2013,100,1.634991669,0.922258924,0.483145466,0.567690015,52635.17496,24.67532468,63.29803306,97.5,,0.5,99,North America,85.8,81.74878049
Canada,CAN,2014,100,1.207943284,1.025276113,0.473029319,0.608870029,50955.99832,25.08143322,62.82499222,97.5,,0.2,99,North America,87.12,81.8
Canada,CAN,2015,100,-3.09026651,1.246630006,0.152108658,0.410930008,43596.13554,26.03550296,63.01145004,97.5,,0.2,99,North America,90,81.9
Canada,CAN,2016,100,-0.431735928,1.296466175,0.246041012,0.044130001,42315.60371,26.03550296,,97.5,,0.2,99,North America,91.16,81.9
Canada,CAN,2017,100,4.006763169,1.264044482,0.371468802,0.1175,45129.35644,26.26865672,,97.5,,0.2,99,North America,92.70137191,81.9
Canada,CAN,2018,100,0.370733783,1.274008207,0.614305058,0.211909994,46454.74339,26.94610778,,97.5,,,99,North America,94.64,82.04878049
Chile,CHL,2000,97.938687,3.214656469,1.453546238,3.141572631,,5074.902616,10.83333333,48.54783173,60.625,,4.3,96,South America,,
Chile,CHL,2001,97.13110352,3.403468607,1.507784833,1.885224066,,4574.594716,10.83333333,54.26159742,60.625,3.4,,96,South America,19.1,76.634
Chile,CHL,2002,97.33703613,1.054935506,1.658233807,1.678515389,,4446.249371,12.5,55.45098578,60.625,3.2,,96,South America,22.1,76.894
Chile,CHL,2003,98.782325,0.931119006,1.642573288,2.824168082,,4772.563723,12.5,50.15695402,63.75,3.2,4,97,South America,25.47377889,77.146
Chile,CHL,2004,97.71933746,5.151068003,1.446326349,6.228013169,,6194.85272,12.5,46.90087486,63.75,3.2,,97,South America,28.17791012,77.391
Chile,CHL,2005,97.89350891,8.036374904,1.278729004,6.133347806,,7598.528877,15,53.88308818,66.875,3.1,,97,South America,31.17534703,77.63
Chile,CHL,2006,99.368108,2.115989259,1.166375053,11.68257164,,9464.548507,15,55.25488069,71.875,3.1,1.5,97,South America,34.49775117,77.865
Chile,CHL,2007,98.22052002,6.447878213,1.193610349,11.19298172,3.112090111,10502.35071,15,44.15559999,71.875,3.1,,98,South America,35.9,78.099
Chile,CHL,2008,98.38568878,2.544486721,1.161888793,8.296699032,2.629590034,10751.4816,15,45.74902854,75,3.4,,98,South America,37.3,78.33
Chile,CHL,2009,99.593662,3.463998248,1.14789407,5.271572949,4.147109985,10208.90797,14.16666667,48.8274431,75,3.6,1.3,98,South America,41.56,78.558
Chile,CHL,2010,99.64228821,9.659499201,1.015560299,6.457015298,2.830600023,12808.03834,14.16666667,40.202535,75,3.6,,98,South America,45,78.779
Chile,CHL,2011,99.588193,6.585498834,0.996496319,6.309003029,3.363310099,14637.23344,14.16666667,39.59642689,75,3.4,0.6,99,South America,52.24960729,78.986
Chile,CHL,2012,100,6.194839651,0.988070961,4.66807674,3.507999897,15351.54074,14.16666667,36.44535562,77.5,3.2,,99,South America,55.05,79.176
Chile,CHL,2013,99.6,2.217062553,1.017502137,3.834938433,3.946929932,15842.93648,15.83333333,35.66687196,77.5,3.1,0.4,99,South America,58,79.349
Chile,CHL,2014,100,2.49168771,1.062363556,3.378930559,3.89989996,14670.98891,15.83333333,42.40700891,77.5,3.1,,99,South America,61.11,79.504
Chile,CHL,2015,99.714844,2.993127148,1.223377104,1.791542829,3.706059933,13574.16924,15.83333333,43.60433496,77.5,3,0.3,100,South America,76.62959195,79.646
Chile,CHL,2016,100,-1.493173435,1.270479653,1.429609406,3.063149929,13753.59215,15.83333333,,77.5,3.1,,100,South America,83.55858602,79.779
Chile,CHL,2017,99.7,-0.623733962,1.209749543,2.647676071,2.269920111,14998.81706,,,77.5,3,0.3,100,South America,82.32748693,79.909
Chile,CHL,2018,100,0.074096224,1.211821395,3.116923608,1.283869982,15888.14436,22.58064516,,77.5,3,,100,South America,,80.042
China,CHN,2000,96.93087006,8.731052802,5.283052531,1.796853766,,959.3724836,21.78284182,16.63949819,62.5,,,,Asia,,
China,CHN,2001,97.21321869,10.84297313,5.124909247,1.557535208,,1053.108243,21.78284182,18.95851917,62.5,10,,,Asia,2.639650215,71.732
China,CHN,2002,97.4872818,11.48976626,5.330136255,1.229460583,,1148.50829,21.78284182,17.6186279,65,9.4,31.7,,Asia,4.595704331,72.061
China,CHN,2003,97.75187683,11.24270943,5.774813522,1.276218941,,1288.643252,20.23450586,15.03704033,65,8.6,,,Asia,6.2,72.381
China,CHN,2004,98.00583649,10.71634372,5.913657469,2.822754991,,1508.668098,20.23450586,16.22326642,70,7.9,,,Asia,7.3,72.689
China,CHN,2005,98.2481308,12.36723896,6.036138444,3.216715311,,1753.417829,20.26845638,16.17502498,70,7,18.5,,Asia,8.523257003,72.985
China,CHN,2006,98.48129272,13.81825642,5.817694399,3.55736248,,2099.229435,20.26845638,15.59278342,72.5,6.1,,,Asia,10.52315262,73.271
China,CHN,2007,98.71140289,14.91086892,4.837144733,3.972413425,,2693.970063,20.62099224,15.26334714,72.5,5,,,Asia,16,73.553
China,CHN,2008,98.94470215,6.646731543,4.376807316,5.723302105,,3468.304602,21.32574489,17.73744406,69.375,4,14.9,,Asia,22.6,73.835
China,CHN,2009,99.18741608,12.82285342,4.095579706,2.333844101,,3832.236432,21.32574489,17.8637982,69.375,2.8,,,Asia,28.9,74.119
China,CHN,2010,99.7,8.562809581,4.133827274,3.90643216,,4550.453108,21.32574489,18.62282605,69.375,,11.2,,Asia,34.3,74.409
China,CHN,2011,99.85722351,4.130799053,3.877480776,4.895074214,,5618.132267,21.32303559,16.76177043,69.375,,7.9,,Asia,38.3,74.708
China,CHN,2012,99.96487427,10.12350754,3.658873395,2.512985214,,6316.918318,21.32303559,19.96624894,75.625,,6.5,,Asia,42.30011749,75.013
China,CHN,2013,99.99700928,6.262503893,3.491852745,1.876982259,,7050.646271,23.40140609,20.29622738,75.625,,1.9,,Asia,45.8,75.321
China,CHN,2014,100,8.299700079,3.301905115,1.424918594,,7678.599486,23.40140609,22.60915378,75.625,,1.4,,Asia,47.9,75.629
China,CHN,2015,100,7.410644856,3.200696554,0.708557114,,8066.942635,23.62284556,23.92681717,75.625,,0.7,,Asia,50.3,75.928
China,CHN,2016,100,7.951937701,3.175907431,0.595242901,,8147.937705,23.62284556,,75.625,,0.5,,Asia,53.2,76.21
China,CHN,2017,100,7.32537577,3.106523067,0.725238121,,8879.438667,24.24760602,,75.625,,,,Asia,54.3,76.47
China,CHN,2018,100,4.72155673,2.984143625,0.855227711,,9976.677137,24.89932886,,75.625,,,,Asia,59.2,76.704
Colombia,COL,2000,95.2,-1.882944687,1.100407334,4.957537141,0.791119993,2520.481089,11.80124224,75.52463768,61.875,,16.8,91,South America,,
Colombia,COL,2001,98.47,0.725566006,1.139738301,3.170036197,2.805870056,2439.682456,11.80124224,74.33819806,61.875,8.7,20.1,92,South America,2.854199971,73.241
Colombia,COL,2002,94.93788147,0.537305808,1.176538884,3.343764411,1.707739949,2396.627127,12.04819277,76.50415168,64.375,9.1,13.2,92,South America,4.6,73.517
Colombia,COL,2003,95.18396759,0.810177856,1.318350097,4.129357185,,2281.401762,12.04819277,78.788595,66.875,9.8,12.1,93,South America,7.388923711,73.777
Colombia,COL,2004,95.41941833,4.242523879,1.073800406,4.91140032,3.057149887,2782.623185,12.04819277,81.65087793,66.875,10.6,11.2,93,South America,9.118690303,74.026
Colombia,COL,2005,96.8,4.073280757,0.997484578,5.418165631,0.134289995,3414.465158,12.12121212,80.16965652,66.875,11.2,9.8,93,South America,11.00726389,74.265
Colombia,COL,2006,95.85785675,5.362044232,0.978918722,6.128267104,0.143030003,3741.092837,8.43373494,80.60076258,73.125,11.4,,94,South America,15.34167454,74.5
Colombia,COL,2007,96.06945801,7.653193833,0.802492355,5.236868859,0.280750006,4714.073055,8.43373494,81.53339128,73.125,11,,94,South America,21.8,74.732
Colombia,COL,2008,96.806763,3.148018486,0.78008815,6.561030693,0.106299996,5472.53653,8.43373494,84.01086918,73.125,11.3,10.4,94,South America,25.6,74.962
Colombia,COL,2009,96.057229,2.984295876,0.897977225,3.866712938,0.677869976,5193.241458,8.43373494,72.87791562,73.125,12.2,9,95,South America,30,75.193
Colombia,COL,2010,96.788995,3.478331908,0.796697867,5.315634754,2.186160088,6336.709474,12.65060241,72.12069198,73.125,13.1,7.8,95,South America,36.5,75.424
Colombia,COL,2011,96.6936,4.500274294,0.715037085,7.879056771,2.683890104,7335.166934,12.12121212,83.46528973,73.125,12.1,6.3,95,South America,40.35091575,75.655
Colombia,COL,2012,97.032176,4.992952849,0.697974659,6.824952142,4.756149769,8050.255372,12.12121212,79.5501941,78.75,10.1,6.2,95,South America,48.98,75.882
Colombia,COL,2013,97.779418,5.362023043,0.812717388,6.322863427,,8218.347844,12.12121212,73.99867546,78.75,8.1,5.6,96,South America,51.7,76.105
Colombia,COL,2014,97.790938,4.453265013,0.788807093,5.422568763,,8114.343921,19.87951807,74.03831068,78.75,7.1,5,96,South America,52.57,76.322
Colombia,COL,2015,98.186898,2.924692022,1.130853233,2.930917292,3.618760109,6175.87603,19.87951807,68.23681122,78.75,6.5,4.6,96,South America,55.90497251,76.531
Colombia,COL,2016,98.4,1.066514404,1.255772718,2.214057056,4.57531023,5870.777957,19.87951807,,78.75,6.8,4.5,97,South America,58.13649357,76.732
Colombia,COL,2017,98.5,-0.360543355,1.218927687,3.053268321,2.654040098,6376.706716,18.6746988,,81.875,7.1,4,97,South America,62.25988032,76.925
Colombia,COL,2018,98.5,0.299184804,1.240061106,4.222720683,2.282979965,6729.583332,18.12865497,,81.875,7.9,4.2,97,South America,64.12637682,77.109
Cuba,CUB,2000,97,2.397745745,1.618317575,0.991850092,0.437130004,2747.100303,27.62063228,6.872006386,,,,93,North America,,
Cuba,CUB,2001,96.21989441,3.605385783,1.586639476,0.778543851,0.427410007,2837.73573,27.62063228,6.569056801,,,,93,North America,1.079751722,76.905
Cuba,CUB,2002,95.5,2.092089413,1.594708809,0.542568008,0.174150005,2999.241763,27.62063228,6.656474935,,,,93,North America,3.770585038,77.105
Cuba,CUB,2003,96.55662537,5.600771997,1.514290963,0.844868848,1.46705997,3197.133185,35.96059113,5.363693865,,,,93,North America,5.241269054,77.303
Cuba,CUB,2004,96.70960999,5.407187189,1.467041348,1.242196282,1.851789951,3395.710843,35.96059113,5.609568888,,,,93,North America,8.407984759,77.499
Cuba,CUB,2005,96.85093689,9.293161622,1.437951842,1.270750245,2.817889929,3786.66345,35.96059113,3.180810846,,,,94,North America,9.738062208,77.688
Cuba,CUB,2006,96.98313141,13.5438506,1.244352417,1.482242726,3.766609907,4683.569067,35.96059113,3.036007044,,,,94,North America,11.15960131,77.864
Cuba,CUB,2007,97.11227417,4.042264377,1.15914135,3.321658868,2.904289961,5208.718388,35.96059113,3.046981389,,,,94,North America,11.69,78.019
Cuba,CUB,2008,97.24460602,-2.262887305,1.250846112,2.109854466,2.990289927,5411.269492,43.15960912,3.970812829,,,,94,North America,12.94,78.15
Cuba,CUB,2009,97.38635254,3.748622519,1.287819399,1.011537698,1.459509969,5529.669375,43.15960912,3.924664486,,,,95,North America,14.33,78.256
Cuba,CUB,2010,97.54376221,7.370790661,1.547874683,1.596791569,0.833700001,5730.354264,43.15960912,3.241938265,,,,95,North America,15.9,78.338
Cuba,CUB,2011,97.72306824,0.152998475,1.289902338,2.062334005,1.256850004,6139.718783,45.221843,3.226351351,,,,95,North America,16.0172908,78.4
Cuba,CUB,2012,97.92878723,4.924993914,1.278512347,1.692702891,2.003750086,6497.314764,45.221843,3.711743,,,,95,North America,21.2,78.446
Cuba,CUB,2013,98.15862274,2.663430394,1.186949088,1.40842216,2.015840054,6837.71168,48.85620915,4.352142111,,,,95,North America,27.93,78.485
Cuba,CUB,2014,98.40854645,2.668041757,1.166773453,1.246459449,4.929890156,7133.337679,48.85620915,4.017349995,,,,96,North America,29.07018437,78.521
Cuba,CUB,2015,98.67454529,5.074615026,1.180265363,0.451561766,5.915890217,7694.014637,48.85620915,3.948146688,,,,96,North America,37.30509742,78.561
Cuba,CUB,2016,98.95259857,3.264970493,1.128317684,0.280966728,5.466259956,8060.796598,48.85620915,,,,,96,North America,42.97867519,78.607
Cuba,CUB,2017,99.23869324,,,,4.31471014,8541.213686,48.85620915,,,,,96,North America,57.14840432,78.662
Cuba,CUB,2018,99.52880096,,,,2.155580044,8824.194008,53.2231405,,,,,97,North America,62.67892362,78.726
Germany,DEU,2000,100,1.276753365,0.797507993,0.045129628,0.08326,23635.92922,30.94170404,6.198531223,76.875,,0,100,Europe,,
Germany,DEU,2001,100,1.272081195,0.857902382,0.067345786,0.638639987,23607.88286,31.08108108,6.512444018,76.875,,0,100,Europe,31.65093942,78.32926829
Germany,DEU,2002,100,-0.496358478,0.81690838,0.055891668,4.486929893,25077.72908,32.17247098,7.642700282,79.375,,0,100,Europe,48.82,78.22926829
Germany,DEU,2003,100,-0.29641623,0.699058888,0.050933294,3.61074996,30243.57653,32.17247098,7.552977702,79.375,,0,100,Europe,55.9,78.3804878
Germany,DEU,2004,100,3.244018015,0.636241055,0.057669015,2.701479912,34044.05363,32.75,9.267474493,79.375,,0,100,Europe,64.73,78.6804878
Germany,DEU,2005,100,0.349452195,0.645990731,0.071711017,2.041340113,34507.36881,31.75895765,10.15021111,79.375,,0,100,Europe,68.71,78.93170732
Germany,DEU,2006,100,4.747392785,0.65696547,0.086935815,1.969390035,36323.44774,31.59609121,11.32201311,79.375,,0,100,Europe,72.16,79.13170732
Germany,DEU,2007,100,2.956593283,0.57844715,0.07054171,1.624439955,41587.2129,31.64763458,13.93800806,91.25,,0,100,Europe,75.16,79.53414634
Germany,DEU,2008,100,-0.655636167,0.554411711,0.131066796,2.530139923,45427.15168,32.18954248,14.6992339,91.25,,0.2,100,Europe,78,79.73658537
Germany,DEU,2009,100,-3.998285839,0.572389094,0.078639323,2.931070089,41485.90165,32.79742765,16.07855368,94.375,,0,100,Europe,79,79.83658537
Germany,DEU,2010,100,3.87407142,0.624550188,0.075529491,2.353019953,41531.9342,32.79742765,16.72707367,94.375,,0,100,Europe,82,79.98780488
Germany,DEU,2011,100,5.849749844,0.566358383,0.094780214,2.451410055,46644.77603,32.90322581,20.38328272,94.375,,0,100,Europe,81.26999954,80.43658537
Germany,DEU,2012,100,-0.363864523,0.634680244,0.076229975,3.295180082,43858.36306,32.90322581,23.00045854,94.375,,0,100,Europe,82.34999847,80.53902439
Germany,DEU,2013,100,0.285967903,0.641289674,0.0557161,3.58946991,46285.76407,36.45007924,24.07254975,94.375,,0,100,Europe,84.17,80.4902439
Germany,DEU,2014,100,2.107224949,0.611882315,0.040976082,3.236010075,47959.99327,36.45007924,26.13009657,94.375,,0,100,Europe,86.19,81.0902439
Germany,DEU,2015,100,2.030246176,0.735436603,0.026885463,1.856850028,41086.72967,36.45007924,29.23177012,94.375,,0,100,Europe,87.58979935,80.64146341
Germany,DEU,2016,100,2.191148251,0.736083979,0.017926827,0.514289975,42107.51727,36.45007924,,94.375,,0,100,Europe,84.16520664,80.9902439
Germany,DEU,2017,100,1.673163845,0.729318219,0.023932032,0.529299974,44442.77184,30.74753173,,94.375,,,100,Europe,84.3941537,80.99268293
Germany,DEU,2018,100,0.335045571,0.702812693,0.029243452,0.688939989,47787.16051,30.74753173,,97.5,,,100,Europe,87.03711209,80.89268293
France,FRA,2000,100,1.839728132,0.539605682,0.014015953,3.548710108,22364.02939,10.91854419,12.96787647,86.25,,0,100,Europe,,
France,FRA,2001,100,1.295230145,0.563021715,0.013382651,3.634170055,22433.55498,10.91854419,14.25637189,89.375,,,100,Europe,26.32590355,79.15853659
France,FRA,2002,100,-0.331600321,0.534687831,0.011364962,3.700449944,24177.33556,12.13171577,11.59727616,89.375,,,100,Europe,30.18,79.26097561
France,FRA,2003,100,0.188794388,0.4557827,0.008834321,3.932800055,29568.3888,12.19512195,11.23001795,89.375,,0.2,100,Europe,36.14,79.11463415
France,FRA,2004,100,1.842401308,0.416648751,0.00819894,3.928179979,33741.26192,12.19512195,11.24298852,91.875,,0,100,Europe,39.15,80.16341463
France,FRA,2005,100,0.620146031,0.424834659,0.009260721,0.084509999,34760.18502,12.19512195,9.860646697,91.875,,0,100,Europe,42.87,80.16341463
France,FRA,2006,100,1.319987307,0.412215662,0.012458517,0.029239999,36443.62631,12.19512195,10.94757583,94.375,,0,100,Europe,46.87,80.81219512
France,FRA,2007,100,1.99738743,0.37147492,0.011160661,0.131740004,41508.43269,18.19757366,11.69092631,97.5,,0,100,Europe,66.09,81.11219512
France,FRA,2008,100,-0.963451555,0.345518925,0.014131515,0.503560007,45334.11796,18.19757366,12.97920893,97.5,,0,100,Europe,70.68,81.21463415
France,FRA,2009,100,-3.340891201,0.37058953,0.009486008,0.893509984,41575.42196,18.89081456,13.12716357,97.5,,0,100,Europe,71.58,81.41463415
France,FRA,2010,100,1.2046381,0.4007557,0.010861696,1.268049955,40638.33525,18.89081456,13.85735931,97.5,,0.1,100,Europe,77.28,81.66341463
France,FRA,2011,100,1.247109691,0.353964359,0.013360349,0.241819993,43790.72602,18.89081456,11.57474725,97.5,,0,100,Europe,77.81999899,82.11463415
France,FRA,2012,100,-1.040516126,0.396513055,0.012612032,0.369890004,40874.70039,26.86308492,14.82735407,97.5,,0.1,100,Europe,81.44,81.96829268
France,FRA,2013,100,0.496338013,0.394622643,0.009689162,0.579230011,42592.93539,26.86308492,17.04528624,97.5,,0.1,100,Europe,81.9198,82.2195122
France,FRA,2014,100,0.786089851,0.363833416,0.007169438,1.361879945,43011.2631,26.16984402,16.45590494,97.5,,0,100,Europe,83.75,82.7195122
France,FRA,2015,100,1.993196794,0.45017312,0.003984478,0.514980018,36638.18493,26.16984402,15.85766663,100,,0.1,100,Europe,78.00603771,82.32195122
France,FRA,2016,100,0.987046181,0.461827258,0.003134291,0.167199999,37037.37419,26.16984402,,100,,0.1,100,Europe,79.26981132,82.57317073
France,FRA,2017,100,1.866522491,0.463314112,0.004233407,0.058400001,38685.25849,38.99480069,,100,,0,100,Europe,80.50245972,82.57560976
France,FRA,2018,100,0.629977087,0.441900298,0.006715226,0.04214,41526.41466,39.58333333,,100,,0,100,Europe,82.04318678,82.72439024
India,IND,2000,59.34104538,1.066206759,4.137708961,1.430957086,16.14500999,443.3141938,9.007352941,13.59094803,62.5,,,80,Asia,,
India,IND,2001,55.8,3.488061697,4.199324884,1.195790051,16.20183945,451.5729973,8.839779006,13.20704353,62.5,18.4,,,Asia,0.660146377,62.907
India,IND,2002,62.3,3.034015803,4.157340507,1.21969921,16.37540054,470.9867868,8.839779006,12.05516116,62.5,20.1,,,Asia,1.537875582,63.304
India,IND,2003,64.02313232,6.081211243,3.827022942,1.156789417,11.53767967,546.7266135,8.839779006,13.46942476,62.5,21.5,,,Asia,1.686489971,63.699
India,IND,2004,64.4,6.089659319,3.613249812,1.376542327,,627.7742417,8.256880734,14.4825005,62.5,22.1,39.9,,Asia,1.976136492,64.095
India,IND,2005,67.09343719,7.107511345,3.489611995,1.750690781,,714.8610154,8.287292818,16.61901808,62.5,21.6,,83,Asia,2.388075,64.5
India,IND,2006,67.9,6.805977263,3.420139165,2.034720287,,806.7532806,8.256880734,17.54042472,62.5,19.6,,,Asia,2.805499865,64.918
India,IND,2007,70.13076019,6.566054526,2.989611825,2.349649487,3.21055007,1028.334772,9.057301294,17.86408569,62.5,17.5,,,Asia,3.95,65.35
India,IND,2008,71.6510849,0.736878367,3.530610422,3.250426766,3.158289909,998.5223415,9.057301294,16.50983374,62.5,16.6,,,Asia,4.38,65.794
India,IND,2009,75,7.883054122,3.608013928,1.568697046,4.462850094,1101.960838,10.82568807,15.66005525,62.5,16.3,32.8,,Asia,5.12,66.244
India,IND,2010,76.3,9.035233988,2.957649947,2.145552211,3.879679918,1357.563727,10.82568807,16.04374444,62.5,16,,86,Asia,7.5,66.693
India,IND,2011,67.6,3.654511653,3.023935661,2.481345361,4.282390118,1458.104066,11.00917431,17.31696286,62.5,15.6,22.5,,Asia,10.07,67.13
India,IND,2012,79.9,4.837711752,3.455380836,1.87542811,3.012360096,1443.882435,11.00917431,15.73297336,62.5,15,,87,Asia,11.1,67.545
India,IND,2013,80.73804474,4.484938472,3.586162415,1.742670389,2.262320042,1449.610451,11.00917431,17.34931383,68.75,15.1,,,Asia,12.3,67.931
India,IND,2014,83.58521271,5.770872376,3.719519265,1.351875308,,1573.885642,11.41804788,16.25383982,68.75,14.9,,,Asia,13.5,68.286
India,IND,2015,88,7.62478666,3.907513903,0.826310494,,1605.605445,11.97053407,15.34305035,68.75,14.7,,,Asia,14.9,68.607
India,IND,2016,89.53488159,6.355812117,3.843412354,0.796866403,,1732.554242,11.97053407,,68.75,14.2,,,Asia,16.5,68.897
India,IND,2017,92.45683289,7.257914558,3.653628692,0.819525612,,1980.66702,11.80811808,,71.25,13.8,,,Asia,18.2,69.165
India,IND,2018,95.19329834,5.401277107,3.940966621,0.990538522,,1996.915087,11.80811808,,74.375,14,,90,Asia,20.08130004,69.416
Japan,JPN,2000,100,2.422861134,0.456399431,0.0025304,,38532.04088,7.291666667,9.116049011,76.875,,,98,Asia,,
Japan,JPN,2001,100,0.245735984,0.533324245,0.002299718,,33846.46564,7.291666667,8.965438076,79.375,,,98,Asia,38.53206086,81.41707317
Japan,JPN,2002,100,-0.671359478,0.589046992,0.002621838,,32289.35054,7.291666667,8.708705683,79.375,,,98,Asia,46.59420112,81.56341463
Japan,JPN,2003,100,1.6400404,0.576184449,0.002863086,,34808.39092,7.083333333,10.02210957,79.375,,,98,Asia,48.43526589,81.76
Japan,JPN,2004,100,2.354004472,0.566575497,0.003795265,,37688.72234,7.083333333,9.795827169,79.375,,,98,Asia,62.39392963,82.0302439
Japan,JPN,2005,100,1.087943569,0.593262362,0.004990623,,37217.64873,8.958333333,8.407113732,79.375,,,99,Asia,66.9210661,81.92512195
Japan,JPN,2006,100,0.478000858,0.649935236,0.006467657,,35433.98896,9.375,9.449098226,79.375,,,99,Asia,68.68527032,82.32195122
Japan,JPN,2007,100,1.148258027,0.691696307,0.00706167,,35275.22843,9.375,8.201786899,79.375,,,99,Asia,74.3,82.50707317
Japan,JPN,2008,100,-4.493068735,0.627870955,0.008539122,,39339.29757,9.375,8.789326611,79.375,,0.5,99,Asia,75.4,82.58756098
Japan,JPN,2009,100,-5.299552295,0.569154036,0.007330549,,40855.17564,11.25,9.145716508,79.375,2.6,,99,Asia,78,82.93146341
Japan,JPN,2010,100,5.00734769,0.572272185,0.006847999,,44507.67639,11.25,10.53177716,81.875,2.7,0,99,Asia,78.21,82.84268293
Japan,JPN,2011,100,-0.804910244,0.560480001,0.008711276,,48167.99727,10.83333333,11.4628446,81.875,,,99,Asia,79.05411352,82.59121951
Japan,JPN,2012,100,1.955267897,0.599505214,0.007911589,,48603.47665,7.916666667,11.19424738,81.875,,,99,Asia,79.4964,83.09609756
Japan,JPN,2013,100,2.904523412,0.754545659,0.007406934,,40454.44746,8.125,12.20529179,81.875,,0.7,99,Asia,88.21942891,83.33195122
Japan,JPN,2014,100,0.508926871,0.808887693,0.00774128,,38109.41211,8.125,14.05935936,81.875,,,99,Asia,89.10683302,83.58780488
Japan,JPN,2015,100,4.087896103,0.887320737,0.008329398,,34524.46986,9.473684211,15.98478072,81.875,,,99,Asia,91.05802839,83.79390244
Japan,JPN,2016,100,1.236166278,0.801529156,0.005319185,,38761.81815,9.473684211,,81.875,,,99,Asia,93.18272128,83.98487805
Japan,JPN,2017,100,2.005019206,0.853687891,0.00692674,,38386.51115,10.10752688,,81.875,,,99,Asia,91.72654724,84.0997561
Japan,JPN,2018,100,-0.237468886,0.871553405,0.008053802,,39159.42356,10.10752688,,81.875,,,99,Asia,91.28,84.21097561
"Korea, Rep.",KOR,2000,100,5.870682797,1.451890814,0.006343209,0.770479977,12256.99357,5.860805861,1.424828265,66.25,,,,Asia,,
"Korea, Rep.",KOR,2001,100,3.097390588,1.60564325,0.008572961,1.780869961,11561.24837,5.860805861,1.377382843,66.25,,,,Asia,56.6,76.41219512
"Korea, Rep.",KOR,2002,100,8.770832445,1.501443613,0.010499515,2.063349962,13165.06574,5.860805861,1.041224485,71.25,2.6,,99,Asia,59.4,76.76585366
"Korea, Rep.",KOR,2003,100,1.714612169,1.397231767,0.008994577,1.280699968,14672.85747,5.860805861,1.492754763,71.25,2.6,,99,Asia,65.5,77.21463415
"Korea, Rep.",KOR,2004,100,4.049573983,1.342223806,0.002710404,1.365859985,16496.12009,13.04347826,1.26318833,71.25,2.6,,99,Asia,72.7,77.66585366
"Korea, Rep.",KOR,2005,100,1.665786104,1.158636729,0.005217962,0.246619999,19402.50263,13.37792642,1.044669145,76.25,,,99,Asia,73.5,78.16829268
"Korea, Rep.",KOR,2006,100,3.380723505,1.096978514,0.00504418,,21743.47745,13.37792642,0.99883163,79.375,,0.2,99,Asia,78.1,78.66829268
"Korea, Rep.",KOR,2007,100,5.722668831,1.089090838,0.00425983,,24086.41044,14.3812709,1.069956915,79.375,,,99,Asia,78.8,79.1195122
"Korea, Rep.",KOR,2008,100,-1.694628698,1.297952627,0.006251356,,21350.42798,13.71237458,0.985727672,85,,0.2,99,Asia,81,79.51707317
"Korea, Rep.",KOR,2009,100,0.820603706,1.490175125,0.006670732,,19143.85161,14.71571906,1.037690734,85,,,99,Asia,81.6,79.96829268
"Korea, Rep.",KOR,2010,100,7.482559011,1.41211178,0.006871209,,23087.22564,14.71571906,1.245374639,85,,0.5,99,Asia,83.7,80.11707317
"Korea, Rep.",KOR,2011,100,0.413424748,1.392989679,0.007692836,,25096.26388,14.71571906,1.438122653,85,,,99,Asia,83.75912015,80.56829268
"Korea, Rep.",KOR,2012,100,1.856935346,1.403954646,0.008936748,,25466.76052,15.66666667,1.335945078,85,,0.2,99,Asia,84.07,80.8195122
"Korea, Rep.",KOR,2013,100,3.161093167,1.387822113,0.005314379,4.510179996,27182.73431,15.66666667,1.632858702,85,,,99,Asia,84.77,81.27073171
"Korea, Rep.",KOR,2014,100,2.432646562,1.324745655,0.003358345,,29249.57522,16.33333333,1.566868059,85,,0.2,99,Asia,87.55682649,81.72195122
"Korea, Rep.",KOR,2015,100,5.299227965,1.412453861,0.001563191,,28732.23108,16.33333333,1.894666312,85,,,99,Asia,89.8962558,82.02439024
"Korea, Rep.",KOR,2016,100,3.673997182,1.479776441,0.001264743,,29288.87044,17,,85,,0.2,100,Asia,92.84302568,82.27560976
"Korea, Rep.",KOR,2017,100,3.282509237,1.456439971,0.002303344,2.422580004,31616.8434,17,,85,,,100,Asia,95.06942188,82.62682927
"Korea, Rep.",KOR,2018,100,0.664979439,1.465967795,0.002884458,0.923990011,33422.94421,17,,85,,,100,Asia,96.02285958,82.62682927
Mexico,MEX,2000,98.007132,4.294531215,1.067757773,2.27558497,0.01787,7157.8145,16,19.8040598,72.5,,9,90,North America,,
Mexico,MEX,2001,97.14319611,-0.524651108,1.07879325,1.639876182,0.110590003,7544.568723,16,17.10563209,72.5,3.3,,91,North America,7.038023117,74.658
Mexico,MEX,2002,97.897085,-1.818570028,1.100475114,1.76626954,0.195539996,7593.137345,16,15.05583789,72.5,3.7,6.6,,North America,11.9,74.922
Mexico,MEX,2003,97.50493622,-3.619609919,1.289617595,2.900559016,0.233170003,7075.369643,22.6,12.12571491,72.5,4.3,,,North America,12.9,75.118
Mexico,MEX,2004,98.597701,4.474149995,1.262005582,3.507891139,0.268860012,7484.486399,22.6,14.44842434,72.5,4.6,6,,North America,14.1,75.243
Mexico,MEX,2005,98.932728,-0.643960151,1.261190292,4.674092973,0.16223,8277.671564,24.2,15.19731385,72.5,4.4,6.6,,North America,17.21,75.3
Mexico,MEX,2006,99.11416,4.516559177,1.221388744,5.037044197,0.086450003,9068.294218,22.6,15.33424876,72.5,4.1,4.2,,North America,19.52,75.296
Mexico,MEX,2007,98.11062622,1.50181844,1.193147109,4.572622638,0.01462,9642.680517,23.2,14.09044302,75,4.1,,94,North America,20.81,75.255
Mexico,MEX,2008,98.914037,-1.744227364,1.207441201,5.238159202,0.068449996,10016.57121,23.2,17.54302582,75,4.5,5.4,95,North America,21.71,75.194
Mexico,MEX,2009,98.409729,-6.875176206,1.484439513,3.272159337,0.017170001,8002.972178,27.6,12.94733225,77.5,4.8,,95,North America,26.34,75.128
Mexico,MEX,2010,99.236696,4.234452247,1.268244806,3.849962553,0.139210001,9271.398396,26.2,16.60285189,77.5,5,4.5,96,North America,31.05,75.065
Mexico,MEX,2011,99.06409454,0.294472076,1.242701329,5.431498303,0.262970001,10203.4213,26.2,14.88880301,77.5,4.9,,96,North America,37.17629541,75.011
Mexico,MEX,2012,99.111637,0.667498317,1.308645335,5.186030186,0.330199987,10241.72783,36.8,13.78813129,77.5,4.8,3.8,97,North America,39.75,74.966
Mexico,MEX,2013,99.23202515,-1.416408622,1.280486907,4.515544125,0.403699994,10725.18359,36.8,13.29954326,85.625,4.3,,97,North America,43.46,74.93
Mexico,MEX,2014,99.172928,3.955620422,1.262846306,3.657083805,0.499220014,10928.91601,37.4,17.54351633,88.75,4.4,3.7,98,North America,44.39,74.908
Mexico,MEX,2015,99,1.932318907,1.470794434,1.654453678,0.574500024,9616.645558,42.36947791,15.39413379,88.75,5,,98,North America,57.43104299,74.904
Mexico,MEX,2016,99.5,0.890335343,1.664505508,1.378929096,0.654550016,8744.515559,42.4,,88.75,5.8,2.2,98,North America,59.540446,74.917
Mexico,MEX,2017,100,1.465999206,1.611839786,1.84389057,0.728760004,9287.849587,42.6,,88.75,6.1,,99,North America,63.85224909,74.947
Mexico,MEX,2018,99.5,0.666368274,1.603144776,2.319032775,0.69946003,9686.514244,48.2,,88.75,6.2,1.7,99,North America,65.77263448,74.992
Philippines,PHL,2000,74.65086365,3.019911377,1.486514883,0.346084005,,1072.809037,11.26126126,42.89026275,70,,13.7,,Asia,,
Philippines,PHL,2001,75.73733521,-0.766525519,1.593961717,0.291332561,9.428770065,990.5640487,17.75700935,37.2922423,70,18.7,,86,Asia,2.52400566,68.835
Philippines,PHL,2002,76.81551361,0.915345765,1.556668255,0.332060293,8.983130455,1036.158331,17.75700935,35.64280851,70,18.4,,,Asia,4.332275746,68.88
Philippines,PHL,2003,76.6,2.536703476,1.57406965,0.474098429,9.594799995,1048.008205,17.75700935,33.41896487,70,17.1,13,87,Asia,4.857672267,68.937
Philippines,PHL,2004,87.6,0.124738429,1.571442746,0.615162298,10.20081997,1121.490006,15.25423729,33.73125793,72.5,16.2,,88,Asia,5.243628452,69.013
Philippines,PHL,2005,79.98873138,3.223019119,1.474659613,0.620194586,9.841279984,1244.348741,15.25423729,32.3651599,72.5,14.9,,88,Asia,5.397636329,69.112
Philippines,PHL,2006,80.18,2.808820821,1.188612928,1.095346246,11.39500999,1452.438089,15.25423729,36.02838878,72.5,14,14.4,88,Asia,5.740586325,69.233
Philippines,PHL,2007,82.06024933,2.901871022,1.091078302,2.331284086,11.1772604,1744.639979,20.50209205,31.59987251,72.5,13.1,,89,Asia,5.97,69.37
Philippines,PHL,2008,83.3,3.529940548,1.067116696,1.144179017,10.05698013,1991.229749,20.50209205,33.9159172,72.5,12.6,,89,Asia,6.22,69.515
Philippines,PHL,2009,84.3,3.615908265,1.099859517,0.909124756,7.813220024,1905.895236,20.97378277,32.58506807,72.5,12.8,10.7,90,Asia,9,69.667
Philippines,PHL,2010,85.39570618,5.197020795,1.045763473,1.474345396,,2217.472153,22.14285714,26.29830829,72.5,13.4,,90,Asia,25,69.823
Philippines,PHL,2011,87.2,-0.807596366,0.984290591,2.069874671,,2450.735694,22.88732394,28.65589222,72.5,13.7,,90,Asia,29,69.984
Philippines,PHL,2012,87.08,7.152223093,0.968423941,1.099903054,,2694.305109,22.88732394,28.44448101,78.75,13.7,10.4,91,Asia,36.2351,70.149
Philippines,PHL,2013,87.5,6.589122378,1.000850584,0.83407653,,2871.429701,27.33564014,26.40368825,78.75,13.8,,91,Asia,48.09902359,70.315
Philippines,PHL,2014,89.69213867,4.474272077,1.060123231,1.152762219,2.60484004,2959.645435,27.33564014,25.59731822,78.75,13.8,,92,Asia,,70.481
Philippines,PHL,2015,89.08,5.483030017,1.192475433,0.514312417,2.828119993,3001.043182,27.24137931,25.41346632,78.75,13.3,6.1,92,Asia,,70.644
Philippines,PHL,2016,92.04637146,4.883469553,1.240691353,0.405571552,3.311369896,3073.654686,29.79452055,,78.75,12.1,,92,Asia,,70.802
Philippines,PHL,2017,93,4.890955309,1.344066067,0.572310914,3.248509884,3123.245642,29.45205479,,78.75,10.9,,93,Asia,,70.952
Philippines,PHL,2018,94.43275452,3.273441445,1.425281458,0.591353891,3.80140996,3252.110274,29.45205479,,78.75,9.7,2.7,93,Asia,,71.095
United States,USA,2000,100,2.792936204,1.018018888,0.679954011,,36334.90878,,8.205996942,83.75,,0.7,,North America,,
United States,USA,2001,100,0.457936324,1.010457096,0.550074877,,37133.24281,14.02298851,6.783992314,83.75,,0.7,,North America,49.08083159,76.83658537
United States,USA,2002,100,0.642943653,1.028342774,0.347949022,,38023.16111,13.79310345,8.646361178,83.75,,0.7,,North America,58.78540388,76.93658537
United States,USA,2003,100,1.250605977,1.033055272,0.512601829,,39496.48588,14.25287356,8.889376121,83.75,,1,,North America,61.69711712,77.03658537
United States,USA,2004,100,2.692779547,1.030081628,0.717185732,,41712.80107,14.94252874,8.630185532,83.75,,1,,North America,64.75825648,77.48780488
United States,USA,2005,100,2.086378112,1.021439097,0.790159066,0.565190017,44114.74778,15.17241379,8.578465534,83.75,,1,99,North America,67.96805292,77.48780488
United States,USA,2006,100,2.636611446,0.990884987,0.646259456,,46298.73144,16.32183908,9.244631183,83.75,,1,99,North America,68.93119327,77.68780488
United States,USA,2007,100,-0.706498947,1.022973851,0.610263394,,47975.9677,16.7816092,8.367763936,83.75,,1,99,North America,75,77.98780488
United States,USA,2008,100,-3.861744566,1.024152096,1.007883686,,48382.55845,17.01149425,9.003541347,83.75,,1,99,North America,74,78.03902439
United States,USA,2009,100,-2.077913931,1.008928865,0.35531311,,47099.98047,16.7816092,10.29184507,83.75,,1,99,North America,71,78.3902439
United States,USA,2010,100,3.486965102,1.018344057,0.361022398,2.365639925,48466.6576,16.7816092,10.12035515,83.75,,1,99,North America,71.69,78.54146341
United States,USA,2011,100,1.493393036,0.992016265,0.494761238,3.610249996,49882.55813,16.8202765,12.22571352,83.75,,1,99,North America,69.72946076,78.64146341
United States,USA,2012,100,3.114187755,0.946763607,0.334642148,2.734829903,51602.93105,17.97235023,12.00739706,83.75,,1,99,North America,74.7,78.74146341
United States,USA,2013,100,0.640695678,0.972699,0.358947592,2.490760088,53106.53677,17.82407407,12.63791912,83.75,,1,99,North America,71.4,78.74146341
United States,USA,2014,100,2.760795527,0.973789197,0.304681639,,55049.98833,19.31034483,12.95382709,83.75,,1.2,99,North America,73,78.84146341
United States,USA,2015,100,2.874790545,0.952972735,0.04525314,1.805860043,56863.3715,19.35483871,13.22859321,83.75,,1.2,99,North America,74.55420245,78.6902439
United States,USA,2016,100,0.137775482,0.944134302,0.113492292,0.359970003,58021.4005,19.16859122,,83.75,,1,100,North America,85.54442129,78.53902439
United States,USA,2017,100,1.47682178,0.939601709,0.191227507,0.424380004,60109.65573,19.35483871,,83.75,,1.2,100,North America,87.27488917,78.53902439
United States,USA,2018,100,1.946068957,0.936681409,0.375612104,0.574209988,63064.41841,23.50230415,,91.25,,1,100,North America,88.49890317,78.63902439
